id,title,score,permalink,hint_exp,hint_spec,hint_comp,hint_opin,boundary_super,boundary_future
15rwb1,"Reddit, what's the weirdest place you've ever masturbated?",0,/r/AskReddit/comments/15rwb1/reddit_whats_the_weirdest_place_youve_ever/,1,0,0,0,1,0
15rzk0,"People of reddit, what is the most ridiculous law you've broken? Mine is in the explanation.",0,/r/AskReddit/comments/15rzk0/people_of_reddit_what_is_the_most_ridiculous_law/,1,0,0,0,1,0
15s6p2,"Reddit, what's the weirdest dream you've ever had?",1,/r/AskReddit/comments/15s6p2/reddit_whats_the_weirdest_dream_youve_ever_had/,1,0,0,0,1,0
15se5z,What's the best thing you've ever gotten for free and entirely by accident?,2,/r/AskReddit/comments/15se5z/whats_the_best_thing_youve_ever_gotten_for_free/,1,0,0,0,1,0
15sjp0,What is the worst remake of a song you've ever heard?,2,/r/AskReddit/comments/15sjp0/what_is_the_worst_remake_of_a_song_youve_ever/,1,0,0,0,1,0
15r3hi,"Redditors in your forties and beyond, what are/were the best and worst aspects of your forties?",0,/r/AskReddit/comments/15r3hi/redditors_in_your_forties_and_beyond_what_arewere/,1,0,0,0,1,0
15rvd6,"What's the best song you've ever heard, sung i language you don't understand?",4,/r/AskReddit/comments/15rvd6/whats_the_best_song_youve_ever_heard_sung_i/,1,0,0,0,1,0
15sewd,Food Servers of Reddit: What is the most random conversation you've stumbled upon while serving?,3,/r/AskReddit/comments/15sewd/food_servers_of_reddit_what_is_the_most_random/,1,0,0,0,1,0
15rq6v,"In lieu of ""What's the funniest ___ joke"" posts, what's the nerdiest (and funniest) joke you've ever heard?",0,/r/AskReddit/comments/15rq6v/in_lieu_of_whats_the_funniest_joke_posts_whats/,1,0,0,0,1,0
15sa9t,"Restaurant workers of Reddit, what is the most disgusting thing you've seen behind the scenes in the kitchen, backroom, etc?",4,/r/AskReddit/comments/15sa9t/restaurant_workers_of_reddit_what_is_the_most/,1,0,0,0,1,0
15rnxc,What's the most painful foot in mouth moment you've ever had?,3,/r/AskReddit/comments/15rnxc/whats_the_most_painful_foot_in_mouth_moment_youve/,1,0,0,0,1,0
15s61v,"911 operators of Reddit, what's the most disturbing call that you've ever received?",0,/r/AskReddit/comments/15s61v/911_operators_of_reddit_whats_the_most_disturbing/,1,0,0,0,1,0
15se31,"Hey, Redditors, what are the nicest and the most obnoxious nations in your experience?",5,/r/AskReddit/comments/15se31/hey_redditors_what_are_the_nicest_and_the_most/,1,0,0,0,1,0
15skyh,What Is The Most Out-of-Character thing you've ever done?,2,/r/AskReddit/comments/15skyh/what_is_the_most_outofcharacter_thing_youve_ever/,1,0,0,0,1,0
15re6x,"Teachers of Reddit, what is the funniest thing you've read in a student's paper?",27,/r/AskReddit/comments/15re6x/teachers_of_reddit_what_is_the_funniest_thing/,1,0,0,0,1,0
15rf3a,"I just told my SO my only surviving parent has cancer, she went to the bar anyways. What's the worst experience you've ever had?",1,/r/AskReddit/comments/15rf3a/i_just_told_my_so_my_only_surviving_parent_has/,1,0,0,0,1,0
15sejs,"To all the dispatchers of reddit, what were the most insane/funny calls you've received on New Year's Eve/Day?",2,/r/AskReddit/comments/15sejs/to_all_the_dispatchers_of_reddit_what_were_the/,1,0,0,0,1,0
15rxjm,"Nurses of reddit, what is your best/worst experience with your patient?",3,/r/AskReddit/comments/15rxjm/nurses_of_reddit_what_is_your_bestworst/,1,0,0,0,1,0
15rhry,"Men of Reddit, what is the worst injury to the balls you've suffered? [NSFW]",32,/r/AskReddit/comments/15rhry/men_of_reddit_what_is_the_worst_injury_to_the/,1,0,0,0,1,0
15sm07,"Reddit, what is the most uncomfortable conversation you've ever had with a complete stranger?",4,/r/AskReddit/comments/15sm07/reddit_what_is_the_most_uncomfortable/,1,0,0,0,1,0
15r91m,"Maids of Reddit, what's the worst room you've ever seen?",67,/r/AskReddit/comments/15r91m/maids_of_reddit_whats_the_worst_room_youve_ever/,1,0,0,0,1,0
15s8if,"Reddit, what's the best ""burn"" you've ever heard?",1,/r/AskReddit/comments/15s8if/reddit_whats_the_best_burn_youve_ever_heard/,1,0,0,0,1,0
15rjza,What the most influential/beneficial book you've ever read?,0,/r/AskReddit/comments/15rjza/what_the_most_influentialbeneficial_book_youve/,1,0,0,0,1,0
15qzen,"Smokers of Reddit- What are your reasons for starting? Have you quit, or do you plan to quit in the future?",0,/r/AskReddit/comments/15qzen/smokers_of_reddit_what_are_your_reasons_for/,1,0,0,0,0,1
15rayi,"What is the most regrettable way you've ever told someone ""No""?",0,/r/AskReddit/comments/15rayi/what_is_the_most_regrettable_way_youve_ever_told/,1,0,0,0,1,0
15rozc,What is the best bad joke you've ever heard?,0,/r/AskReddit/comments/15rozc/what_is_the_best_bad_joke_youve_ever_heard/,1,0,0,0,1,0
15rsxq,What's the coolest/most unique present you've ever been given?,2,/r/AskReddit/comments/15rsxq/whats_the_coolestmost_unique_present_youve_ever/,1,0,0,0,1,0
15s6fb,"Reddit, what's the funniest/wittiest advice you've ever got?",1,/r/AskReddit/comments/15s6fb/reddit_whats_the_funniestwittiest_advice_youve/,1,0,0,0,1,0
15s2io,What's the dumbest reason you've ever been downvoted?,0,/r/AskReddit/comments/15s2io/whats_the_dumbest_reason_youve_ever_been_downvoted/,1,0,0,0,1,0
15ra8s,What's the funniest Q-A joke you've ever heard?,0,/r/AskReddit/comments/15ra8s/whats_the_funniest_qa_joke_youve_ever_heard/,1,0,0,0,1,0
15r302,What would your best friend say the worst decision you've ever made was?,4,/r/AskReddit/comments/15r302/what_would_your_best_friend_say_the_worst/,1,0,0,0,1,0
15rglh,What is the most clever line you've ever heard in a song or poem?,1,/r/AskReddit/comments/15rglh/what_is_the_most_clever_line_youve_ever_heard_in/,1,0,0,0,1,0
15rlq5,What is the best dirty/offensive joke you've ever heard?,0,/r/AskReddit/comments/15rlq5/what_is_the_best_dirtyoffensive_joke_youve_ever/,1,0,0,0,1,0
15r8u5,"Children of Reddit, what is the weirdest thing you've walked in on your parents doing?",2,/r/AskReddit/comments/15r8u5/children_of_reddit_what_is_the_weirdest_thing/,1,0,0,0,1,0
15sduu,What's the most memorable prize you've ever gotten from a cereal box or kid's meal?,5,/r/AskReddit/comments/15sduu/whats_the_most_memorable_prize_youve_ever_gotten/,1,0,0,0,1,0
15uo3x,What's the weirdest thing you've ever caught your girlfriend or boyfriend doing?,3,/r/AskReddit/comments/15uo3x/whats_the_weirdest_thing_youve_ever_caught_your/,1,0,0,0,1,0
15qzxr,"Interviewers, HR Reps, Recruiters, and anyone else who looks at resumes: What are the most common mistakes? What are your personal pet peeves? Funniest/Worst/Best resume you've ever seen?",0,/r/AskReddit/comments/15qzxr/interviewers_hr_reps_recruiters_and_anyone_else/,1,0,0,0,1,0
15sla3,What was the most awkward situation you've ever been in?,0,/r/AskReddit/comments/15sla3/what_was_the_most_awkward_situation_youve_ever/,1,0,0,0,1,0
15ruin,Customer Care Reps of Reddit What Is The Worst Customer Who's Called or Came In Your Store?,7,/r/AskReddit/comments/15ruin/customer_care_reps_of_reddit_what_is_the_worst/,1,0,0,0,1,0
15rf7k,What is the worst pain you've ever felt in your life?,6,/r/AskReddit/comments/15rf7k/what_is_the_worst_pain_youve_ever_felt_in_your/,1,0,0,0,1,0
15shn6,"Taxi drivers of Reddit, what is the weirdest thing you have had happen/heard in your cab?",4,/r/AskReddit/comments/15shn6/taxi_drivers_of_reddit_what_is_the_weirdest_thing/,1,0,0,0,1,0
15ris1,"Cat owners of reddit, where is the weirdest/best hiding place you've found your cat?",14,/r/AskReddit/comments/15ris1/cat_owners_of_reddit_where_is_the_weirdestbest/,1,0,0,0,1,0
15sgij,"Reddit, what is the weirdest question you've ever been asked?",1,/r/AskReddit/comments/15sgij/reddit_what_is_the_weirdest_question_youve_ever/,1,0,0,0,1,0
15sfhl,What is the most reprehensible thing you've ever done that you also do not regret?,8,/r/AskReddit/comments/15sfhl/what_is_the_most_reprehensible_thing_youve_ever/,1,0,0,0,1,0
15scwi,What's the best sporting event you've ever seen in person?,2,/r/AskReddit/comments/15scwi/whats_the_best_sporting_event_youve_ever_seen_in/,1,0,0,0,1,0
15scts,"Reddit, what's the best ""yo mama"" joke you've ever heard?",0,/r/AskReddit/comments/15scts/reddit_whats_the_best_yo_mama_joke_youve_ever/,1,0,0,0,1,0
15s9l6,What's the most downvoted thing you've ever seen?,0,/r/AskReddit/comments/15s9l6/whats_the_most_downvoted_thing_youve_ever_seen/,1,0,0,0,1,0
15r0uz,What's the most disturbing thing you've ever seen a kid do?,3,/r/AskReddit/comments/15r0uz/whats_the_most_disturbing_thing_youve_ever_seen_a/,1,0,0,0,1,0
15slr9,What is the worst theme song to a TV show you've ever heard?,0,/r/AskReddit/comments/15slr9/what_is_the_worst_theme_song_to_a_tv_show_youve/,1,0,0,0,1,0
15sg38,"Reddit, what's the most terrible thing you've ever done?",1,/r/AskReddit/comments/15sg38/reddit_whats_the_most_terrible_thing_youve_ever/,1,0,0,0,1,0
15rbfu,"Bartenders of Reddit, whats the weirdest thing someone has ever done in your bar?",0,/r/AskReddit/comments/15rbfu/bartenders_of_reddit_whats_the_weirdest_thing/,1,0,0,0,1,0
15uo01,"Paramedics of reddit, what is the craziest/nastiest things you've ever experienced?",1,/r/AskReddit/comments/15uo01/paramedics_of_reddit_what_is_the_craziestnastiest/,1,0,0,0,0,0
15rfor,Have you ever told a small lie that grew out of control?,2,/r/AskReddit/comments/15rfor/have_you_ever_told_a_small_lie_that_grew_out_of/,1,0,0,0,0,0
15rd31,Have you ever had an ethical dilemma that resulted in you violating your personal code of ethics?,0,/r/AskReddit/comments/15rd31/have_you_ever_had_an_ethical_dilemma_that/,1,0,0,0,0,0
15rqmf,"Parents of reddit, why don't you close your child's bedroom door?",0,/r/AskReddit/comments/15rqmf/parents_of_reddit_why_dont_you_close_your_childs/,1,0,0,0,0,0
15s22e,"Parents and future parents of reddit, how did you tell, or how do you plan on telling your children about the 'birds and the bees'?",1,/r/AskReddit/comments/15s22e/parents_and_future_parents_of_reddit_how_did_you/,1,0,0,0,0,0
15s2n8,Throwaway time! What's the grossest thing you've ever accidentally seen? [most likely NSFW],0,/r/AskReddit/comments/15s2n8/throwaway_time_whats_the_grossest_thing_youve/,1,0,0,0,0,0
15sl38,"LGBTs of Reddit, if you see your partner ""act like the bigger person"" and back down from a fight with someone else, how does that truly make you feel?",0,/r/AskReddit/comments/15sl38/lgbts_of_reddit_if_you_see_your_partner_act_like/,1,0,0,0,0,0
15sfsn,Backpackers and travelers of reddit. I would like to travel the world. Any advice?,1,/r/AskReddit/comments/15sfsn/backpackers_and_travelers_of_reddit_i_would_like/,1,0,0,0,0,0
15sdot,Have you ever abandoned a storage unit?,1,/r/AskReddit/comments/15sdot/have_you_ever_abandoned_a_storage_unit/,1,0,0,0,0,0
15r84x,"Gun-owning Redditors, have you ever actually used your firearm to stop an armed criminal?",1,/r/AskReddit/comments/15r84x/gunowning_redditors_have_you_ever_actually_used/,1,0,0,0,0,0
15seax,"Females of Reddit, what is an instant deal-breaker upon meeting a guy?",7,/r/AskReddit/comments/15seax/females_of_reddit_what_is_an_instant_dealbreaker/,1,0,0,0,0,0
15sf42,What is the stupidest joke you've ever heard?,0,/r/AskReddit/comments/15sf42/what_is_the_stupidest_joke_youve_ever_heard/,1,0,0,0,0,0
15r69b,"Bartenders of Reddit, what is the craziest thing you have seen on New Years?",0,/r/AskReddit/comments/15r69b/bartenders_of_reddit_what_is_the_craziest_thing/,1,0,0,0,0,0
15rr2q,Have you ever been in a situation where you had to choose between your mom or your girlfriend/boyfriend? What is the basis of your decision?,2,/r/AskReddit/comments/15rr2q/have_you_ever_been_in_a_situation_where_you_had/,1,0,0,0,0,0
15qzt2,"Women of Reddit, if you a man ""act like the bigger man"" and slay 100 enemies on the battlefield all for love of you, how does that truly make you feel?",0,/r/AskReddit/comments/15qzt2/women_of_reddit_if_you_a_man_act_like_the_bigger/,1,0,0,0,0,0
15s0cx,"Why do redditors use profanity so liberally when it creates the image of someone who is immature, unintellectual, and pedestrian?",0,/r/AskReddit/comments/15s0cx/why_do_redditors_use_profanity_so_liberally_when/,1,0,0,0,0,0
15s76k,"Women of Reddit, how many of you use the bathroom with the door shut around your SO?",0,/r/AskReddit/comments/15s76k/women_of_reddit_how_many_of_you_use_the_bathroom/,1,0,0,0,0,0
15siyh,Parents of Reddit: What's the funniest misconception of firmly-held belief that your child has?,3,/r/AskReddit/comments/15siyh/parents_of_reddit_whats_the_funniest/,1,0,0,0,0,0
15si2u,I spent 2012 only wearing plain black tshirts and blue jeans. Have you ever devoted an extended period of time to something silly?,1,/r/AskReddit/comments/15si2u/i_spent_2012_only_wearing_plain_black_tshirts_and/,1,0,0,0,0,0
15rwfv,"People of Reddit, why is it socially acceptable to joke about rape?",0,/r/AskReddit/comments/15rwfv/people_of_reddit_why_is_it_socially_acceptable_to/,1,0,0,0,0,0
15rk1r,"Financial Consultants of Reddit: What is the smartest thing I can do with $10,000 right now?",0,/r/AskReddit/comments/15rk1r/financial_consultants_of_reddit_what_is_the/,1,0,0,0,0,0
15ustk,"Reddit, Have you ever had a teacher that absolutely hated you? If so,how did you handle it ?",1,/r/AskReddit/comments/15ustk/reddit_have_you_ever_had_a_teacher_that/,1,0,0,0,0,0
15s736,"Non-single People of Reddit, How happy are you with your current relationship?",0,/r/AskReddit/comments/15s736/nonsingle_people_of_reddit_how_happy_are_you_with/,1,0,0,0,0,0
15rc0j,What is the closest you've ever come to death?,13,/r/AskReddit/comments/15rc0j/what_is_the_closest_youve_ever_come_to_death/,1,0,0,0,0,0
15r83t,"Redditors, have any of you actually slept with a friends parent? If so does your friend know?",2,/r/AskReddit/comments/15r83t/redditors_have_any_of_you_actually_slept_with_a/,1,0,0,0,0,0
15s56q,"Reddit, what's the happiest you've ever been?",2,/r/AskReddit/comments/15s56q/reddit_whats_the_happiest_youve_ever_been/,1,0,0,0,0,0
15s4ee,"Public High School Teachers of Reddit, how do you deal with a student's problems?",1,/r/AskReddit/comments/15s4ee/public_high_school_teachers_of_reddit_how_do_you/,1,0,0,0,0,0
15rylc,"Men of Reddit, if you see your woman ""act like the bigger woman"" and back down from a fight with another girl, how does that truly make you feel?",0,/r/AskReddit/comments/15rylc/men_of_reddit_if_you_see_your_woman_act_like_the/,1,0,0,0,0,0
15smsj,"Attractive, single people of Reddit, why are you single?",6,/r/AskReddit/comments/15smsj/attractive_single_people_of_reddit_why_are_you/,1,0,0,0,0,0
15sdb4,"Guitar players of reddit, what's the best bet for a lefty beginner? (lefty guitar vs. regular one)",0,/r/AskReddit/comments/15sdb4/guitar_players_of_reddit_whats_the_best_bet_for_a/,1,0,0,0,0,0
15r5tx,Reddit.....have you ever contacted a friend from elementary school? Maybe an old flame. How did it turn out?,1,/r/AskReddit/comments/15r5tx/reddithave_you_ever_contacted_a_friend_from/,1,0,0,0,0,0
15r7wz,Guys of Reddit: Would you EVER hit a woman?,1,/r/AskReddit/comments/15r7wz/guys_of_reddit_would_you_ever_hit_a_woman/,1,0,0,0,0,0
15sd2n,Have you ever gotten into an intimate relationship that no one learn about?,0,/r/AskReddit/comments/15sd2n/have_you_ever_gotten_into_an_intimate/,1,0,0,0,0,0
15scut,Scientists of Reddit: is experiencing god anti-science?,0,/r/AskReddit/comments/15scut/scientists_of_reddit_is_experiencing_god/,1,0,0,0,0,0
15rgi3,Can someone please buy me a month of reddit gold?,1,/r/AskReddit/comments/15rgi3/can_someone_please_buy_me_a_month_of_reddit_gold/,1,0,0,0,0,0
15uqn3,"Gym members of Reddit, what's one thing that other people do that pisses you off while working out?",17,/r/AskReddit/comments/15uqn3/gym_members_of_reddit_whats_one_thing_that_other/,1,0,0,0,0,0
15us2c,"Pet owners of Reddit, what does your pet do that makes you love it?",8,/r/AskReddit/comments/15us2c/pet_owners_of_reddit_what_does_your_pet_do_that/,1,0,0,0,0,0
15rub4,"Married/to be married/singles of reddit, have any of you made a marriage pact with someone?",3,/r/AskReddit/comments/15rub4/marriedto_be_marriedsingles_of_reddit_have_any_of/,1,0,0,0,0,0
15r0do,"Women of Reddit, have you ever been mistaken for a lady of the night?",0,/r/AskReddit/comments/15r0do/women_of_reddit_have_you_ever_been_mistaken_for_a/,1,0,0,0,0,0
15ruia,How do redditors get past a hangover?,1,/r/AskReddit/comments/15ruia/how_do_redditors_get_past_a_hangover/,1,0,0,0,0,0
15sizl,"Gamers of Reddit, what is something all great video games should have?",1,/r/AskReddit/comments/15sizl/gamers_of_reddit_what_is_something_all_great/,1,0,0,0,0,0
15r8uy,Have you ever overheard someone talking trash in another language they assumed none would understand?,1,/r/AskReddit/comments/15r8uy/have_you_ever_overheard_someone_talking_trash_in/,1,0,0,0,0,0
15s316,"Guys of reddit, if there was a male ""birth control pill"" would you take it?",2,/r/AskReddit/comments/15s316/guys_of_reddit_if_there_was_a_male_birth_control/,1,0,0,0,0,0
15relq,"Reddit, what advice do you give to new Redditors for 2013 about their experience on this site?",0,/r/AskReddit/comments/15relq/reddit_what_advice_do_you_give_to_new_redditors/,1,0,0,0,0,0
15r0yz,"Redditors with the name Bruce, how often do people associate your name with that of the shark in Nemo?",0,/r/AskReddit/comments/15r0yz/redditors_with_the_name_bruce_how_often_do_people/,1,0,0,0,0,0
15s6we,"Gamblers of Reddit, what is the craziest (Good or Bad) thing you have seen happen at a casino?",2,/r/AskReddit/comments/15s6we/gamblers_of_reddit_what_is_the_craziest_good_or/,1,0,0,0,0,0
15rlzn,I'm looking for good TV shows to source for my daughter (she's just over 1 at the moment). What are your all time favourite shows from when you were a kid?,0,/r/AskReddit/comments/15rlzn/im_looking_for_good_tv_shows_to_source_for_my/,1,0,0,0,0,0
15s2nn,"Mothers of reddit, what made your baby shower successful?",2,/r/AskReddit/comments/15s2nn/mothers_of_reddit_what_made_your_baby_shower/,1,0,0,0,0,0
15sh4k,"Psychologists of Reddit, what are some misrepresented ""facts"" people are wrong about?",18,/r/AskReddit/comments/15sh4k/psychologists_of_reddit_what_are_some/,1,0,0,0,0,0
15s6gu,"Hotel workers of Reddit, what are things to know when we spend the night?",452,/r/AskReddit/comments/15s6gu/hotel_workers_of_reddit_what_are_things_to_know/,1,0,0,0,0,0
15s2cm,"Hospitality industry workers of Reddit, how much money did you make yesterday? What do you do? Was it worth it?",1,/r/AskReddit/comments/15s2cm/hospitality_industry_workers_of_reddit_how_much/,1,0,0,0,0,0
15s8wh,"Redditors, what is your craziest experience of 2012?",1,/r/AskReddit/comments/15s8wh/redditors_what_is_your_craziest_experience_of_2012/,1,0,0,0,0,0
15sgsy,Women of Reddit. What are some of the 'basics' of sex that most men seem to get wrong?,1150,/r/AskReddit/comments/15sgsy/women_of_reddit_what_are_some_of_the_basics_of/,1,0,0,0,0,0
15sl93,"Have you ever been in a situation which, if it had panned out differently, could have dramatically changed your life?",2,/r/AskReddit/comments/15sl93/have_you_ever_been_in_a_situation_which_if_it_had/,1,0,0,0,0,0
15sj4j,"Redditors, what talent do you possess that everyone else or society considers useless?",4,/r/AskReddit/comments/15sj4j/redditors_what_talent_do_you_possess_that/,1,0,0,0,0,0
15rsym,"North Koreans of Reddit, how different is North Korea than it's portrayed in the media?",0,/r/AskReddit/comments/15rsym/north_koreans_of_reddit_how_different_is_north/,1,0,0,0,0,0
15sd17,"Redditors, what was you craziest experience from last year?",0,/r/AskReddit/comments/15sd17/redditors_what_was_you_craziest_experience_from/,1,0,0,0,0,0
15slz2,"Fast food employees of Reddit, do workers really jizz in our burgers and pee on our nachos as much as the internet tells us they do?",3,/r/AskReddit/comments/15slz2/fast_food_employees_of_reddit_do_workers_really/,1,0,0,0,0,0
15r68d,What is the strangest book you've ever read?,0,/r/AskReddit/comments/15r68d/what_is_the_strangest_book_youve_ever_read/,1,0,0,0,0,0
15sc9t,"Men of reddit, what is your preferred method of removing hair in your groin area?",4,/r/AskReddit/comments/15sc9t/men_of_reddit_what_is_your_preferred_method_of/,1,0,0,0,0,0
15sfs9,"Redditors that are Hackers, where did you learn to hack, and what are some of your best hacking stories?",3,/r/AskReddit/comments/15sfs9/redditors_that_are_hackers_where_did_you_learn_to/,1,0,0,0,0,0
15rlqi,"Paramedics of reddit, how often are you asked medical advice by random people while on standby at large events or while at an emergency?",0,/r/AskReddit/comments/15rlqi/paramedics_of_reddit_how_often_are_you_asked/,1,0,0,0,0,0
15smcz,"Made one of those ""If we're not in relationships by 2013"" promises but forget with whom. Reddit, have you ever and what should I do?",1,/r/AskReddit/comments/15smcz/made_one_of_those_if_were_not_in_relationships_by/,1,0,0,0,0,0
15s62n,Have you ever gotten back with an ex boyfriend/girlfriend and had a successful long term relationship?,1,/r/AskReddit/comments/15s62n/have_you_ever_gotten_back_with_an_ex/,1,0,0,0,0,0
15r8r8,"Redditors who have been stranded anywhere, be it an island or in a forest, how long were you stranded for? How did you survive?",0,/r/AskReddit/comments/15r8r8/redditors_who_have_been_stranded_anywhere_be_it/,1,0,0,0,0,0
15r7hn,Users of Reddit. What is your New Years Resolution??,1,/r/AskReddit/comments/15r7hn/users_of_reddit_what_is_your_new_years_resolution/,1,0,0,0,0,0
15rj82,"Redditors, how much of an anarchist/rebel are you?",0,/r/AskReddit/comments/15rj82/redditors_how_much_of_an_anarchistrebel_are_you/,1,0,0,0,0,0
15s568,"Redditors, what's the biggest change you wish to see in reddit in 2013?",0,/r/AskReddit/comments/15s568/redditors_whats_the_biggest_change_you_wish_to/,1,0,0,0,0,0
15s2i7,"Redditors, how fast can you read?",2,/r/AskReddit/comments/15s2i7/redditors_how_fast_can_you_read/,1,0,0,0,0,0
15r8yl,"Cashiers of reddit, what is the smallest thing you've seen a customer overreact about?",43,/r/AskReddit/comments/15r8yl/cashiers_of_reddit_what_is_the_smallest_thing/,1,0,0,0,0,0
15s5bo,"Males of Reddit: How gross are you, really?",0,/r/AskReddit/comments/15s5bo/males_of_reddit_how_gross_are_you_really/,1,0,0,0,0,0
15rs66,"Cashiers of reddit, what is the weirdest combination of items you have ever seen someone buy?",3,/r/AskReddit/comments/15rs66/cashiers_of_reddit_what_is_the_weirdest/,1,0,0,0,0,0
15sarg,"Entrepreneurs and executives of reddit, I'm 16 years old. How do I start being you or better?",0,/r/AskReddit/comments/15sarg/entrepreneurs_and_executives_of_reddit_im_16/,1,0,0,0,0,0
15rdv7,What is the sweetest gift you've ever received?,0,/r/AskReddit/comments/15rdv7/what_is_the_sweetest_gift_youve_ever_received/,1,0,0,0,0,0
15ut1q,"Lawyers of Reddit, do I have a reasonable expectation of privacy anywhere on the internet?",2,/r/AskReddit/comments/15ut1q/lawyers_of_reddit_do_i_have_a_reasonable/,1,0,0,0,0,0
15s3c6,"SAPs of Reddit, what social situations do you fear or dread the most?",1,/r/AskReddit/comments/15s3c6/saps_of_reddit_what_social_situations_do_you_fear/,1,0,0,0,0,0
15ruoo,What's the unfunniest dirty joke you've ever heard/said?,0,/r/AskReddit/comments/15ruoo/whats_the_unfunniest_dirty_joke_youve_ever/,1,0,0,0,0,0
15sk2v,"Hey redditors, what's your favorite christmas movie ?",2,/r/AskReddit/comments/15sk2v/hey_redditors_whats_your_favorite_christmas_movie/,1,0,0,0,0,0
15upkc,Bus drivers of reddit: do you judge and then choose who you pick up? (My story inside),0,/r/AskReddit/comments/15upkc/bus_drivers_of_reddit_do_you_judge_and_then/,1,0,0,0,0,0
15ru97,"Have you ever learned a skill or subject in a really short amount of time? (relative to the norm) What skill, how long?",0,/r/AskReddit/comments/15ru97/have_you_ever_learned_a_skill_or_subject_in_a/,1,0,0,0,0,0
15s1yx,"Redditors of the world does anyone know how the term ""in the closet"" in the gay connotation was born?",0,/r/AskReddit/comments/15s1yx/redditors_of_the_world_does_anyone_know_how_the/,1,0,0,0,0,0
15r49b,"Parents of Reddit what's your best""kids say the darnedest things""moment?",4,/r/AskReddit/comments/15r49b/parents_of_reddit_whats_your_bestkids_say_the/,1,0,0,0,0,0
15rnf9,What are some things people unconsciously do you find to be rude or annoying? Now's your chance to let redditors know.,3,/r/AskReddit/comments/15rnf9/what_are_some_things_people_unconsciously_do_you/,1,0,0,0,0,0
15slvg,"Retail Workers of Reddit, What is one piece of advice you have that you think all your customers should know?",3,/r/AskReddit/comments/15slvg/retail_workers_of_reddit_what_is_one_piece_of/,1,0,0,0,0,0
15sakf,"Engineers of Reddit, what do you do on a daily basis, and do you feel fulfilled / enjoy your job?",2,/r/AskReddit/comments/15sakf/engineers_of_reddit_what_do_you_do_on_a_daily/,1,0,0,0,0,0
15s4hc,"Women of Reddit with big boobs, do they come unhandy sometimes?",0,/r/AskReddit/comments/15s4hc/women_of_reddit_with_big_boobs_do_they_come/,1,0,0,0,0,0
15uo2v,"Redditors with deceased loved ones, how do you cope?",0,/r/AskReddit/comments/15uo2v/redditors_with_deceased_loved_ones_how_do_you_cope/,1,0,0,0,0,0
15rhvx,"Redditors who stayed home this NYE, what song were you listening to when the clock turned over 00:00?",1,/r/AskReddit/comments/15rhvx/redditors_who_stayed_home_this_nye_what_song_were/,1,0,0,0,0,0
15sbpl,"Gamers of Reddit, what could your SO do to be more supportive/understanding of your hobby?",9,/r/AskReddit/comments/15sbpl/gamers_of_reddit_what_could_your_so_do_to_be_more/,1,0,0,0,0,0
15uq62,What predictions do you have for the distant future that you feel almost certain will be realized?,3,/r/AskReddit/comments/15uq62/what_predictions_do_you_have_for_the_distant/,0,1,0,0,0,1
15uoib,What movies can you see being remade in the next 20 years?,47,/r/AskReddit/comments/15uoib/what_movies_can_you_see_being_remade_in_the_next/,0,1,0,0,0,1
15r0s8,"If you were going to die at 00:00 am on January 1, 2013. What would you do right now? (Pretend it's not New Years Day where you are)",0,/r/AskReddit/comments/15r0s8/if_you_were_going_to_die_at_0000_am_on_january_1/,0,1,0,0,0,0
15r4z9,How do you think the internet will be like in 40 years?,1,/r/AskReddit/comments/15r4z9/how_do_you_think_the_internet_will_be_like_in_40/,0,1,0,0,0,0
15riyo,Which celebrities do you think are going to die in 2013?,2,/r/AskReddit/comments/15riyo/which_celebrities_do_you_think_are_going_to_die/,0,1,0,0,0,0
15r3db,"What will be the ""classic"" movie when we are all older? What will be the famous quotes that every one will know?",7,/r/AskReddit/comments/15r3db/what_will_be_the_classic_movie_when_we_are_all/,0,1,0,0,0,0
15rd6g,I think 2012 will be remembered as the year when internet ads became acceptable. What else do you think 2012 will be remembered for?,0,/r/AskReddit/comments/15rd6g/i_think_2012_will_be_remembered_as_the_year_when/,0,1,0,0,0,0
15rb9v,Which celebrities do you think will die in 2013?,0,/r/AskReddit/comments/15rb9v/which_celebrities_do_you_think_will_die_in_2013/,0,1,0,0,0,0
15rz7d,"Reddit, I will be teaching upcoming college course, have any tips/suggestions/thoughts? What would you have liked to learn about the Office programs?",0,/r/AskReddit/comments/15rz7d/reddit_i_will_be_teaching_upcoming_college_course/,0,1,0,0,0,0
15sc63,"Reddit, where do you think America will be at the end of Obama's second term?",0,/r/AskReddit/comments/15sc63/reddit_where_do_you_think_america_will_be_at_the/,0,1,0,0,0,0
15s2sb,What do you hope will be your biggest accomplishment in 2013?,2,/r/AskReddit/comments/15s2sb/what_do_you_hope_will_be_your_biggest/,0,1,0,0,0,0
15rpfj,"What exactly is going to happen now that America has gone off the ""Fiscal Cliff""",1,/r/AskReddit/comments/15rpfj/what_exactly_is_going_to_happen_now_that_america/,0,1,0,0,0,0
15up8k,"I wanted to propose to my gf in 2 years, I made some clues for her, now she solved some of them and wants the full story from me, how to avoid it?",0,/r/AskReddit/comments/15up8k/i_wanted_to_propose_to_my_gf_in_2_years_i_made/,0,1,0,0,0,0
15rt1m,"If you were going to die at midnight, what would you be doing at 11:45pm?",0,/r/AskReddit/comments/15rt1m/if_you_were_going_to_die_at_midnight_what_would/,0,1,0,0,0,0
15r8nh,What percentage of posts tonight will be deleted tomorrow morning?,0,/r/AskReddit/comments/15r8nh/what_percentage_of_posts_tonight_will_be_deleted/,0,1,0,0,0,0
15rbfp,"So I'm stuck on New Years Eve at home. I'm bored and kind of feel lonely so entertain me, and give me ideas on what to do in the next 40 minutes.",1,/r/AskReddit/comments/15rbfp/so_im_stuck_on_new_years_eve_at_home_im_bored_and/,0,1,0,0,0,0
15s0cu,What awesome things have you seen today that make you feel like 2013 will be a great year?,0,/r/AskReddit/comments/15s0cu/what_awesome_things_have_you_seen_today_that_make/,0,1,0,0,0,0
15r9kz,What obscure technology or concept in its infancy today will sweep over the world in the next 20 years the way the Internet and cellphones have in the last 20 years?,1,/r/AskReddit/comments/15r9kz/what_obscure_technology_or_concept_in_its_infancy/,0,1,0,0,0,0
15rfiw,What do you predict will happen in 2013?,2,/r/AskReddit/comments/15rfiw/what_do_you_predict_will_happen_in_2013/,0,1,0,0,0,0
15rg9r,"Gym owners/managers, how many people will join your gym in the next few days and how long will it take for them to cancel their membership?",1,/r/AskReddit/comments/15rg9r/gym_ownersmanagers_how_many_people_will_join_your/,0,1,0,0,0,0
15sm6f,"Reddit, you're on your death bed, but have time to list to one more song. Which song would it be?",0,/r/AskReddit/comments/15sm6f/reddit_youre_on_your_death_bed_but_have_time_to/,0,0,1,0,0,0
15upoa,"Reddit, what is the single greatest year in history? Why?",3,/r/AskReddit/comments/15upoa/reddit_what_is_the_single_greatest_year_in/,0,0,1,0,0,0
15s5z1,What is your top 5 New Year Resolution?,1,/r/AskReddit/comments/15s5z1/what_is_your_top_5_new_year_resolution/,0,0,1,0,0,0
15rtxn,What's the most overrated film?,3,/r/AskReddit/comments/15rtxn/whats_the_most_overrated_film/,0,0,1,0,0,0
15un7n,What is some of the worst inventions of all time?,0,/r/AskReddit/comments/15un7n/what_is_some_of_the_worst_inventions_of_all_time/,0,0,1,0,0,0
15ur96,"Reddit, what are your favorite movies of all time by entertainment value?",0,/r/AskReddit/comments/15ur96/reddit_what_are_your_favorite_movies_of_all_time/,0,0,1,0,0,0
15r6rf,If you could have sex with a song anthropomorphized which song would it be?,1,/r/AskReddit/comments/15r6rf/if_you_could_have_sex_with_a_song/,0,0,1,0,0,0
15sjrq,Who do you think is the most successful individual of all time?,1,/r/AskReddit/comments/15sjrq/who_do_you_think_is_the_most_successful/,0,0,1,0,0,0
15rvrh,"Reddit, what are your 3 most visited websites and which do you consider the top 3 sites in the whole web?",3,/r/AskReddit/comments/15rvrh/reddit_what_are_your_3_most_visited_websites_and/,0,0,1,0,0,0
15s621,What is your favorite documentary of all time?,1,/r/AskReddit/comments/15s621/what_is_your_favorite_documentary_of_all_time/,0,0,1,0,0,0
15rw3h,"Reddit, what do you feel was your most underrated comment of 2012?",0,/r/AskReddit/comments/15rw3h/reddit_what_do_you_feel_was_your_most_underrated/,0,0,1,0,0,0
15r54l,Who do you think is the most underrated character in a tv show or film ?,6,/r/AskReddit/comments/15r54l/who_do_you_think_is_the_most_underrated_character/,0,0,1,0,0,0
15sihc,"Reddit, do you prefer browsing the internet on your mobile device or in the comfort of a desktop with mouse?",2,/r/AskReddit/comments/15sihc/reddit_do_you_prefer_browsing_the_internet_on/,0,0,0,1,0,0
15slz3,"Alternatively, what makes you instantly love someone?",0,/r/AskReddit/comments/15slz3/alternatively_what_makes_you_instantly_love/,0,0,0,1,0,0
15roi2,What do you think is the best tv opening credits sequence?,4,/r/AskReddit/comments/15roi2/what_do_you_think_is_the_best_tv_opening_credits/,0,0,0,1,0,0
15slof,I know I'm kind of old because I can't say the word hella with a straight face. What makes you feel old?,1,/r/AskReddit/comments/15slof/i_know_im_kind_of_old_because_i_cant_say_the_word/,0,0,0,1,0,0
15rhfw,"All honesty reddit, what do you think of my kids book?",0,/r/AskReddit/comments/15rhfw/all_honesty_reddit_what_do_you_think_of_my_kids/,0,0,0,1,0,0
15rh76,What do you think of a Reddit support group?,1,/r/AskReddit/comments/15rh76/what_do_you_think_of_a_reddit_support_group/,0,0,0,1,0,0
15sglr,U.S citizens: What do you think our government is hiding from us?,1,/r/AskReddit/comments/15sglr/us_citizens_what_do_you_think_our_government_is/,0,0,0,1,0,0
15rgqk,What do you think will suck in 2013?,5,/r/AskReddit/comments/15rgqk/what_do_you_think_will_suck_in_2013/,0,0,0,1,0,0
15rcrh,What pop culture trends are you looking forward to seeing disappear in 2013 ?,3,/r/AskReddit/comments/15rcrh/what_pop_culture_trends_are_you_looking_forward/,0,0,0,1,0,0
15r2tg,What do YOU think that'll be the highlight of year 2013?,3,/r/AskReddit/comments/15r2tg/what_do_you_think_thatll_be_the_highlight_of_year/,0,0,0,1,0,0
15uoo0,Which do you prefer: The Simpsons or Family Guy? And why?,0,/r/AskReddit/comments/15uoo0/which_do_you_prefer_the_simpsons_or_family_guy/,0,0,0,1,0,0
15sije,What makes you instantly unattracted to someone?,0,/r/AskReddit/comments/15sije/what_makes_you_instantly_unattracted_to_someone/,0,0,0,1,0,0
15s8y4,What's something you always do when you're drunk?,1,/r/AskReddit/comments/15s8y4/whats_something_you_always_do_when_youre_drunk/,0,0,0,1,0,0
15ryxx,What makes you instantly hate someone?,1557,/r/AskReddit/comments/15ryxx/what_makes_you_instantly_hate_someone/,0,0,0,1,0,0
15rwuj,"I have been thinking of buying one of the games I heard of on reddit, but I dont have much cash. Since I can only get one, what do you think would be the best choice?",0,/r/AskReddit/comments/15rwuj/i_have_been_thinking_of_buying_one_of_the_games_i/,0,0,0,1,0,0
15slon,"In contrast, What makes you instantly like someone?",0,/r/AskReddit/comments/15slon/in_contrast_what_makes_you_instantly_like_someone/,0,0,0,1,0,0
15sixi,What makes you instantly love someone?,0,/r/AskReddit/comments/15sixi/what_makes_you_instantly_love_someone/,0,0,0,1,0,0
15qzg2,"Reddit, what do you think was the biggest news story of 2012?",1,/r/AskReddit/comments/15qzg2/reddit_what_do_you_think_was_the_biggest_news/,0,0,0,1,0,0
15s25k,"What makes you ugly on the inside, Reddit?",69,/r/AskReddit/comments/15s25k/what_makes_you_ugly_on_the_inside_reddit/,0,0,0,1,0,0
15rzo5,What are you looking forward to the most in the year 2013?,0,/r/AskReddit/comments/15rzo5/what_are_you_looking_forward_to_the_most_in_the/,0,0,0,1,0,0
15rnkq,"What do you think about today's film releases?Which do you prefer, yesterday's film or the current films?",0,/r/AskReddit/comments/15rnkq/what_do_you_think_about_todays_film_releaseswhich/,0,0,0,1,0,0
15rpg9,"Okay techies, here's one for you. Bought a portable snes clone (RDP ver. 2), and it has a single screen issue I think I could fix. What do you think...",1,/r/AskReddit/comments/15rpg9/okay_techies_heres_one_for_you_bought_a_portable/,0,0,0,1,0,0
15sm8x,What do you think the greatest human flaw is?,11,/r/AskReddit/comments/15sm8x/what_do_you_think_the_greatest_human_flaw_is/,0,0,0,1,0,0
15smk9,To balance out with the current top question on Askreddit: What makes you instantly feel more sympathetic with another person?,0,/r/AskReddit/comments/15smk9/to_balance_out_with_the_current_top_question_on/,0,0,0,1,0,0
15rrfm,"What do you think are some lessons I should be teaching my students, besides what is found in the course curriculum and standards.",16,/r/AskReddit/comments/15rrfm/what_do_you_think_are_some_lessons_i_should_be/,0,0,0,1,0,0
15sfo5,"What makes you downvote (or upvote) comments,pics, posts, etc?",0,/r/AskReddit/comments/15sfo5/what_makes_you_downvote_or_upvote_commentspics/,0,0,0,1,0,0
15r86g,What do you think was the most amazing thing about 2012?,0,/r/AskReddit/comments/15r86g/what_do_you_think_was_the_most_amazing_thing/,0,0,0,1,0,0
15up0d,What do you think really happened with the Reddit Subway Code?,0,/r/AskReddit/comments/15up0d/what_do_you_think_really_happened_with_the_reddit/,0,0,0,1,0,0
15rstl,What do you think the best time/place would be to start a zombie apocalypse?,0,/r/AskReddit/comments/15rstl/what_do_you_think_the_best_timeplace_would_be_to/,0,0,0,1,0,0
15sa1a,"Reddit, if Seinfeld was still in production, what do you think that some of the more recent episodes would be about?",0,/r/AskReddit/comments/15sa1a/reddit_if_seinfeld_was_still_in_production_what/,0,0,0,1,0,0
15rmlb,What do you think about divorce?,1,/r/AskReddit/comments/15rmlb/what_do_you_think_about_divorce/,0,0,0,1,0,0
15uslb,What do you think is the best university degree to get for today's current situation?,3,/r/AskReddit/comments/15uslb/what_do_you_think_is_the_best_university_degree/,0,0,0,1,0,0
15sa0l,Rent rage. What do you think about neutral colors?,1,/r/AskReddit/comments/15sa0l/rent_rage_what_do_you_think_about_neutral_colors/,0,0,0,1,0,0
15shks,What makes you horny? Any stories to go with that?,0,/r/AskReddit/comments/15shks/what_makes_you_horny_any_stories_to_go_with_that/,0,0,0,1,0,0
15sdr1,What's something you make fun of all the time that you secretly enjoy?,0,/r/AskReddit/comments/15sdr1/whats_something_you_make_fun_of_all_the_time_that/,0,0,0,1,0,0
15sdrw,What do you think of this situation?,0,/r/AskReddit/comments/15sdrw/what_do_you_think_of_this_situation/,0,0,0,1,0,0
15sk96,"Do you think that life is pointless? If not, what do you think the point is?",2,/r/AskReddit/comments/15sk96/do_you_think_that_life_is_pointless_if_not_what/,0,0,0,1,0,0
15r1a1,What would be this one event you would change/eliminate in 2012 if you had the power to do it and what do you think the consequences of that would be?,1,/r/AskReddit/comments/15r1a1/what_would_be_this_one_event_you_would/,0,0,0,1,0,0
15r5bn,"Ladies, what do you think of male nose piercings?",0,/r/AskReddit/comments/15r5bn/ladies_what_do_you_think_of_male_nose_piercings/,0,0,0,1,0,0
15slbs,What political hypocrisy do you believe in?,0,/r/AskReddit/comments/15slbs/what_political_hypocrisy_do_you_believe_in/,0,0,0,1,0,0
15se2f,What's something you thought you would have accomplished by now?,3,/r/AskReddit/comments/15se2f/whats_something_you_thought_you_would_have/,0,0,0,1,0,0
15skb9,"Police Officers, what do you think of the new Assault Weapon ban that is to be proposed soon by Feinstein? Do you think it will help?",2,/r/AskReddit/comments/15skb9/police_officers_what_do_you_think_of_the_new/,0,0,0,1,0,0
15slhj,What makes you instantly like someone?,0,/r/AskReddit/comments/15slhj/what_makes_you_instantly_like_someone/,0,0,0,1,0,0
15qzj2,"What do you think would happen if, all at once, everyone in the entire world decided that money had no value whatsoever?",2,/r/AskReddit/comments/15qzj2/what_do_you_think_would_happen_if_all_at_once/,0,0,0,1,0,0
15sbwv,"On the other hand, what makes you instantly like someone?",0,/r/AskReddit/comments/15sbwv/on_the_other_hand_what_makes_you_instantly_like/,0,0,0,1,0,0
15rh7x,"Reddit, what do you think are the typical characteristics for ""that guy/girl"" who no one likes to be around? What characteristics makes you enjoy spending time with a person?",8,/r/AskReddit/comments/15rh7x/reddit_what_do_you_think_are_the_typical/,0,0,0,1,0,0
15r697,Do you believe in the paranormal? Why or why not?,0,/r/AskReddit/comments/15r697/do_you_believe_in_the_paranormal_why_or_why_not/,0,0,0,1,0,0
15sn1m,Let's start this new year on a more positive note. What makes you instantly like or respect someone?,2,/r/AskReddit/comments/15sn1m/lets_start_this_new_year_on_a_more_positive_note/,0,0,0,1,0,0
15rljj,Do you prefer to be with someone who is smarter or dumber than you?,2,/r/AskReddit/comments/15rljj/do_you_prefer_to_be_with_someone_who_is_smarter/,0,0,0,1,0,0
15r6sa,"If another animal had acquired self-awareness and intelligence like humans (before we had), what do you think their society would be like? What would the world be like?",15,/r/AskReddit/comments/15r6sa/if_another_animal_had_acquired_selfawareness_and/,0,0,0,1,0,0
15ramu,What's something you did for the first time EVER in 2012?,1,/r/AskReddit/comments/15ramu/whats_something_you_did_for_the_first_time_ever/,0,0,0,1,0,0
15rnk5,"I'm drunk and I have to go to work in 3 hours, what can I do to ease my pain?",6,/r/AskReddit/comments/15rnk5/im_drunk_and_i_have_to_go_to_work_in_3_hours_what/,0,0,0,0,0,0
15rx4y,"Reddit, How do you picture The Obamas sex life in your minds eye?",0,/r/AskReddit/comments/15rx4y/reddit_how_do_you_picture_the_obamas_sex_life_in/,0,0,0,0,0,0
15rh0d,Why is Oppa Gangnam Style so addictive?,0,/r/AskReddit/comments/15rh0d/why_is_oppa_gangnam_style_so_addictive/,0,0,0,0,0,0
15rdis,"Reddit we heard about the funniest instances of ragequitting. Now, what are the fanciest calm exits people have pulled off?",0,/r/AskReddit/comments/15rdis/reddit_we_heard_about_the_funniest_instances_of/,0,0,0,0,0,0
15r26s,How would elections change in the U.S. if voting was mandatory for all citizens? In what way would the results be different?,3,/r/AskReddit/comments/15r26s/how_would_elections_change_in_the_us_if_voting/,0,0,0,0,0,0
15row7,What's the best shortest story (50 characters or less) you can come up with?,2,/r/AskReddit/comments/15row7/whats_the_best_shortest_story_50_characters_or/,0,0,0,0,0,0
15qzly,"Reddit, its NYE and I have nothing going on at all, can you please tell me one of your favorite jokes?",1,/r/AskReddit/comments/15qzly/reddit_its_nye_and_i_have_nothing_going_on_at_all/,0,0,0,0,0,0
15s6i4,"Why are direct links to pictures upvoted a ton, while self-posts have a really hard time beeing noticed at all?",2,/r/AskReddit/comments/15s6i4/why_are_direct_links_to_pictures_upvoted_a_ton/,0,0,0,0,0,0
15rnzs,What's the most hopeless situation you've been in and how did you get out of it.,1,/r/AskReddit/comments/15rnzs/whats_the_most_hopeless_situation_youve_been_in/,0,0,0,0,1,0
15raxf,"Think back to this time last year. Which New Year's resolutions have you succeeded in keeping, Reddit?",1,/r/AskReddit/comments/15raxf/think_back_to_this_time_last_year_which_new_years/,0,0,0,0,0,0
15uoso,My social studies class will take a field trip to the 9/11 memorial center on my birthday. What's the most depressing way you've spent your birthday?,0,/r/AskReddit/comments/15uoso/my_social_studies_class_will_take_a_field_trip_to/,0,0,0,0,1,0
15r539,"Reddit, what is your biggest regret and why?",15,/r/AskReddit/comments/15r539/reddit_what_is_your_biggest_regret_and_why/,0,0,0,0,0,0
15rsf4,Why are cellphone/mobile games just SO awful anymore? How can I find quality android games?,1,/r/AskReddit/comments/15rsf4/why_are_cellphonemobile_games_just_so_awful/,0,0,0,0,0,0
15r41b,Any good (free) programs for OSX that embed subtitles?,0,/r/AskReddit/comments/15r41b/any_good_free_programs_for_osx_that_embed/,0,0,0,0,0,0
15req7,Can someone explain the stigma that soccer has in the USA?,5,/r/AskReddit/comments/15req7/can_someone_explain_the_stigma_that_soccer_has_in/,0,0,0,0,0,0
15sg0f,What is the most outrageous thing you've witnessed in person?,3,/r/AskReddit/comments/15sg0f/what_is_the_most_outrageous_thing_youve_witnessed/,0,0,0,0,1,0
15uqi5,What is your worst story on how an ex broke up with you?,0,/r/AskReddit/comments/15uqi5/what_is_your_worst_story_on_how_an_ex_broke_up/,0,0,0,0,0,0
15s4bk,What are some tactics every person should know to diffuse a violent situation?,35,/r/AskReddit/comments/15s4bk/what_are_some_tactics_every_person_should_know_to/,0,0,0,0,0,0
15sm40,"Is your current ""life playlist"" compatible with anyone else?",0,/r/AskReddit/comments/15sm40/is_your_current_life_playlist_compatible_with/,0,0,0,0,0,0
15r0q6,What if we fought back against the plastic surgeon's control?,0,/r/AskReddit/comments/15r0q6/what_if_we_fought_back_against_the_plastic/,0,0,0,0,0,0
15rh9r,What is your New Year's resolution that you know you won't keep?,0,/r/AskReddit/comments/15rh9r/what_is_your_new_years_resolution_that_you_know/,0,0,0,0,0,0
15r9s2,"Reddit, what are your New Years resolutions?",0,/r/AskReddit/comments/15r9s2/reddit_what_are_your_new_years_resolutions/,0,0,0,0,0,0
15r9ew,"Reddit, I like to be prepared for anything-what should I keep in the trunk of my car without making it cluttered?",1,/r/AskReddit/comments/15r9ew/reddit_i_like_to_be_prepared_for_anythingwhat/,0,0,0,0,0,0
15sf3m,What is your New Years Resolution?,0,/r/AskReddit/comments/15sf3m/what_is_your_new_years_resolution/,0,0,0,0,0,0
15rn6h,What is the worst gift you have ever received?,2,/r/AskReddit/comments/15rn6h/what_is_the_worst_gift_you_have_ever_received/,0,0,0,0,0,0
15rkop,What is your least favorite product that has been discontinued?,0,/r/AskReddit/comments/15rkop/what_is_your_least_favorite_product_that_has_been/,0,0,0,0,0,0
15scf5,"Gay parents, what do your kids call you?",0,/r/AskReddit/comments/15scf5/gay_parents_what_do_your_kids_call_you/,0,0,0,0,0,0
15sd5b,Should my fiance lying about her dating history be a deal breaker?,0,/r/AskReddit/comments/15sd5b/should_my_fiance_lying_about_her_dating_history/,0,0,0,0,0,0
15sgk4,"Reddit, what are some of the stupidest major projects you've been given?",2,/r/AskReddit/comments/15sgk4/reddit_what_are_some_of_the_stupidest_major/,0,0,0,0,0,0
15r23v,Have ye ever been lost in the Haar?,0,/r/AskReddit/comments/15r23v/have_ye_ever_been_lost_in_the_haar/,0,0,0,0,0,0
15rd1g,"What would Reddit Nominate as ""Discovery of the Year"" for 2012?",0,/r/AskReddit/comments/15rd1g/what_would_reddit_nominate_as_discovery_of_the/,0,0,0,0,0,0
15s832,Why is not ok for male police officers/COs to strip search female inmates but it is ok for lesbians to do it?,0,/r/AskReddit/comments/15s832/why_is_not_ok_for_male_police_officerscos_to/,0,0,0,0,0,0
15rl8v,What was the last thing you said before midnight?,0,/r/AskReddit/comments/15rl8v/what_was_the_last_thing_you_said_before_midnight/,0,0,0,0,0,0
15rx1j,"As someone who is perpetually downvoted to hell, what post or comment has caused you the most grief?",0,/r/AskReddit/comments/15rx1j/as_someone_who_is_perpetually_downvoted_to_hell/,0,0,0,0,0,0
15sbqj,How would the world today be different if Hitler did not Persecute the Jews and Japan did not go to war in the 1930s/40s?,0,/r/AskReddit/comments/15sbqj/how_would_the_world_today_be_different_if_hitler/,0,0,0,0,0,0
15rczw,"Is the stereotype of Asians taking pictures of everything deserved? If so, why is that part of their culture?",0,/r/AskReddit/comments/15rczw/is_the_stereotype_of_asians_taking_pictures_of/,0,0,0,0,0,0
15skyl,What do you think the next new gaming series will be about?,0,/r/AskReddit/comments/15skyl/what_do_you_think_the_next_new_gaming_series_will/,0,1,0,1,0,0
15uora,"Reddit, what's the craziest first impression you've had that turned out to be wrong?",3,/r/AskReddit/comments/15uora/reddit_whats_the_craziest_first_impression_youve/,0,0,0,0,0,0
15s1x4,What little trick makes you feel instantly better about your appearance?,116,/r/AskReddit/comments/15s1x4/what_little_trick_makes_you_feel_instantly_better/,0,0,0,0,0,0
15semd,Do you know anyone who was convinced Dec 21 2012 was the end of the world? How are they dealing with being wrong?,0,/r/AskReddit/comments/15semd/do_you_know_anyone_who_was_convinced_dec_21_2012/,0,0,0,0,0,0
15s7j7,What animated series has the best theme song and why?,1,/r/AskReddit/comments/15s7j7/what_animated_series_has_the_best_theme_song_and/,0,0,0,0,0,0
15sdbf,What was the best One-Hand addition to your kitchen?,2,/r/AskReddit/comments/15sdbf/what_was_the_best_onehand_addition_to_your_kitchen/,0,0,0,0,1,0
15sdum,What is something you wish the world could function without?,3,/r/AskReddit/comments/15sdum/what_is_something_you_wish_the_world_could/,0,0,0,0,0,0
15sfx4,"Reddit, what is one crazy myth people believe about your country that isn't actually true?",11,/r/AskReddit/comments/15sfx4/reddit_what_is_one_crazy_myth_people_believe/,0,0,0,0,0,0
15r1l4,"What is the happiest you have felt in 2012? Nonsexual and having a baby related, cause those always win. Today is my day. I overcame a string of terrifying panic attacks. What is yours?",1,/r/AskReddit/comments/15r1l4/what_is_the_happiest_you_have_felt_in_2012/,0,0,0,0,0,0
15rxz0,Fast zombies. Nearby and hungry. What do you do?,0,/r/AskReddit/comments/15rxz0/fast_zombies_nearby_and_hungry_what_do_you_do/,0,0,0,0,0,0
15r19y,Why do girls feel the need to constantly talk while watching a tv show or movie?,0,/r/AskReddit/comments/15r19y/why_do_girls_feel_the_need_to_constantly_talk/,0,0,0,0,0,0
15usmo,"Reddit, how do you keep from snoozing?",3,/r/AskReddit/comments/15usmo/reddit_how_do_you_keep_from_snoozing/,0,0,0,0,0,0
15rkoq,"Reddit, what is that main goal you have for the year 2013 and how are you going to accomplish it?",0,/r/AskReddit/comments/15rkoq/reddit_what_is_that_main_goal_you_have_for_the/,0,0,0,0,0,0
15s5es,What was your one biggest win of 2012?,0,/r/AskReddit/comments/15s5es/what_was_your_one_biggest_win_of_2012/,0,0,0,0,0,0
15r7ng,"My New Years started off great apart from being punched in the side of the face, reddit how did your New Years go?",0,/r/AskReddit/comments/15r7ng/my_new_years_started_off_great_apart_from_being/,0,0,0,0,0,0
15r4gi,"If you had 1 million dollars and could only buy one thing with it, what would you buy?",3,/r/AskReddit/comments/15r4gi/if_you_had_1_million_dollars_and_could_only_buy/,0,0,0,0,0,0
15rihn,"If you could change one decision that you made in 2012, what would it be, and why?",2,/r/AskReddit/comments/15rihn/if_you_could_change_one_decision_that_you_made_in/,0,0,0,0,0,0
15umr2,Has anyone tried Dr. Ian Smith - Shred diet book?,2,/r/AskReddit/comments/15umr2/has_anyone_tried_dr_ian_smith_shred_diet_book/,0,0,0,0,0,0
15rtkj,"Hey Reddit, which 2012 resolutions are you still keeping?",0,/r/AskReddit/comments/15rtkj/hey_reddit_which_2012_resolutions_are_you_still/,0,0,0,0,0,0
15uolr,What is something you enjoy that everyone else you know seems to hate?,28,/r/AskReddit/comments/15uolr/what_is_something_you_enjoy_that_everyone_else/,0,0,0,0,0,0
15rav8,"Reddit, what're you drinking tonight?",0,/r/AskReddit/comments/15rav8/reddit_whatre_you_drinking_tonight/,0,0,0,0,0,0
15sa8z,What are the two forms that a person with a visa has to submit when they marry an U.S. citizen?,0,/r/AskReddit/comments/15sa8z/what_are_the_two_forms_that_a_person_with_a_visa/,0,0,0,0,0,0
15smrw,"If an artist were to draw you, how would they portray you?",0,/r/AskReddit/comments/15smrw/if_an_artist_were_to_draw_you_how_would_they/,0,0,0,0,0,0
15skmm,What is the best drunken conversation you've had/overheard?,3,/r/AskReddit/comments/15skmm/what_is_the_best_drunken_conversation_youve/,0,0,0,0,1,0
15s9vm,"Reddit, Who Would Win in a Fight?",1,/r/AskReddit/comments/15s9vm/reddit_who_would_win_in_a_fight/,0,0,0,0,0,0
15rxa2,What is your favorite film that was made before 2000?,12,/r/AskReddit/comments/15rxa2/what_is_your_favorite_film_that_was_made_before/,0,0,0,0,0,0
15uomn,What is the most shameful thing you have masturbated to?,3,/r/AskReddit/comments/15uomn/what_is_the_most_shameful_thing_you_have/,0,0,0,0,0,0
15s61m,What Songs Do Women Like Waking Up To?,1,/r/AskReddit/comments/15s61m/what_songs_do_women_like_waking_up_to/,0,0,0,0,0,0
15r9o2,Reddit is the reason an old friend of mine was able to find me after 7 years. What crazy and/or awesome things has Reddit done for you?,1,/r/AskReddit/comments/15r9o2/reddit_is_the_reason_an_old_friend_of_mine_was/,0,0,0,0,0,0
15rbv4,"Where does the ""Jeez Mom"" pics come from?",0,/r/AskReddit/comments/15rbv4/where_does_the_jeez_mom_pics_come_from/,0,0,0,0,0,0
15rxcs,"If the United States were to be invaded right now, which country would be the most likely to do so, and by what means?",19,/r/AskReddit/comments/15rxcs/if_the_united_states_were_to_be_invaded_right_now/,0,0,0,0,0,0
15r2bm,What should I know before going to Sweden?,2,/r/AskReddit/comments/15r2bm/what_should_i_know_before_going_to_sweden/,0,0,0,0,0,0
15smlx,"How in the hell do you make choices? With all the information online, and all the different perspectives, how do you make choices in your life? Just go with the first thing that comes to mind?",0,/r/AskReddit/comments/15smlx/how_in_the_hell_do_you_make_choices_with_all_the/,0,0,0,0,0,0
15r2x0,Where can I find a streaming link to the ball drop?,2,/r/AskReddit/comments/15r2x0/where_can_i_find_a_streaming_link_to_the_ball_drop/,0,0,0,0,0,0
15s6hb,What was your strange New Years Eve meal?,1,/r/AskReddit/comments/15s6hb/what_was_your_strange_new_years_eve_meal/,0,0,0,0,0,0
15sa1p,"Why, as a community, is Reddit so liberal when it comes to Gay rights, yet not when it comes to the rights of minorities or women?",0,/r/AskReddit/comments/15sa1p/why_as_a_community_is_reddit_so_liberal_when_it/,0,0,0,0,0,0
15rwde,When did you first discover fapping?,0,/r/AskReddit/comments/15rwde/when_did_you_first_discover_fapping/,0,0,0,0,0,0
15r88k,"Reddit, sometimes things around me fall for no reason. Like a coat will fall off of the rack or a book off of a shelf. Is this normal? And if so, what causes it?",0,/r/AskReddit/comments/15r88k/reddit_sometimes_things_around_me_fall_for_no/,0,0,0,0,0,0
15rvt8,What one thing do you want to change about your life the most?,11,/r/AskReddit/comments/15rvt8/what_one_thing_do_you_want_to_change_about_your/,0,0,0,0,0,0
15r6o0,"reddit: my wife and I are planning a trip to Europe in 2013, we want to stay in a Castle. Can you help us find one?",1,/r/AskReddit/comments/15r6o0/reddit_my_wife_and_i_are_planning_a_trip_to/,0,0,0,0,0,0
15rwhi,What are you most proud of from 2012?,0,/r/AskReddit/comments/15rwhi/what_are_you_most_proud_of_from_2012/,0,0,0,0,0,0
15rbws,"Reddit, can you invent a new meme?",0,/r/AskReddit/comments/15rbws/reddit_can_you_invent_a_new_meme/,0,0,0,0,0,0
15ribt,Anybody else see that abc news lady shaking her ass at those cops and making out with that sailor on new years at the ball drop? Was that planned or was she on something/festive?,1,/r/AskReddit/comments/15ribt/anybody_else_see_that_abc_news_lady_shaking_her/,0,0,0,0,0,0
15sb59,What are some inanimate objects you would like to thank?,2,/r/AskReddit/comments/15sb59/what_are_some_inanimate_objects_you_would_like_to/,0,0,0,0,0,0
15s71g,What interesting things are you hoping to achieve in 2013?,0,/r/AskReddit/comments/15s71g/what_interesting_things_are_you_hoping_to_achieve/,0,0,0,0,0,0
15r4rr,What is something positive about the United States?,699,/r/AskReddit/comments/15r4rr/what_is_something_positive_about_the_united_states/,0,0,0,0,0,0
15s91i,"What are some of your tricks for getting the house clean after the party is over, and it's time to clean up?",4,/r/AskReddit/comments/15s91i/what_are_some_of_your_tricks_for_getting_the/,0,0,0,0,0,0
15sj3r,My ex and I are friends but she just asked for her stuff back. What are some times you've experienced an extreme low?,0,/r/AskReddit/comments/15sj3r/my_ex_and_i_are_friends_but_she_just_asked_for/,0,0,0,0,0,0
15rmrn,Does anyone know how I can get ahold of some Lost energy drinks?,1,/r/AskReddit/comments/15rmrn/does_anyone_know_how_i_can_get_ahold_of_some_lost/,0,0,0,0,0,0
15s1hu,What was your one biggest fuck up of 2013?,0,/r/AskReddit/comments/15s1hu/what_was_your_one_biggest_fuck_up_of_2013/,0,0,0,0,0,0
15rg46,I just held my girlfriend's hair back as she vomited her way into 2013. How's everyone else doing?,10,/r/AskReddit/comments/15rg46/i_just_held_my_girlfriends_hair_back_as_she/,0,0,0,0,0,0
15rt0x,Kony 2012 has expired and yet Joseph Kony hasn't been captured. What other disappointments did 2012 leave us with?,0,/r/AskReddit/comments/15rt0x/kony_2012_has_expired_and_yet_joseph_kony_hasnt/,0,0,0,0,0,0
15rko9,"So Reddit, what are your New Years's resolutions?",0,/r/AskReddit/comments/15rko9/so_reddit_what_are_your_new_yearss_resolutions/,0,0,0,0,0,0
15sly3,Does snorting human ash make you a cannibal?,0,/r/AskReddit/comments/15sly3/does_snorting_human_ash_make_you_a_cannibal/,0,0,0,0,0,0
15rf7w,Reddit what was your most fucked up memory of 2012?,0,/r/AskReddit/comments/15rf7w/reddit_what_was_your_most_fucked_up_memory_of_2012/,0,0,0,0,0,0
15r4l7,Can you guys think of any household items containing metal gauze???,0,/r/AskReddit/comments/15r4l7/can_you_guys_think_of_any_household_items/,0,0,0,0,0,0
15r9jg,What New Years resolution did you actually stick with and fulfill?,0,/r/AskReddit/comments/15r9jg/what_new_years_resolution_did_you_actually_stick/,0,0,0,0,0,0
15usxh,Where can I find an online homework timer that doesn't require a download?,3,/r/AskReddit/comments/15usxh/where_can_i_find_an_online_homework_timer_that/,0,0,0,0,0,0
15rpqu,What's one thing you regret saying this year?,0,/r/AskReddit/comments/15rpqu/whats_one_thing_you_regret_saying_this_year/,0,0,0,0,0,0
15s3gx,Career with BS in health and human sciences?,0,/r/AskReddit/comments/15s3gx/career_with_bs_in_health_and_human_sciences/,0,0,0,0,0,0
15s9gt,How long will it take you to not write 2012 on the date?,0,/r/AskReddit/comments/15s9gt/how_long_will_it_take_you_to_not_write_2012_on/,0,0,0,0,0,0
15sbr1,What's the saddest story you know?,4,/r/AskReddit/comments/15sbr1/whats_the_saddest_story_you_know/,0,0,0,0,0,0
15s8ro,"Would you ever buy a used fleshlight or dildo? If no, why would you date someone who's not a virgin, then?",0,/r/AskReddit/comments/15s8ro/would_you_ever_buy_a_used_fleshlight_or_dildo_if/,0,0,0,0,0,0
15ra44,"Hey Reddit, how do they celebrate the December Holiday season in your town?",2,/r/AskReddit/comments/15ra44/hey_reddit_how_do_they_celebrate_the_december/,0,0,0,0,0,0
15uo0z,"If you could have been shown this day in its entirety ten years ago, and had the choice to change the course of your life so you didn't end up here, would you have changed it?",2,/r/AskReddit/comments/15uo0z/if_you_could_have_been_shown_this_day_in_its/,0,0,0,0,0,0
15si1r,"So long 2012, hello 2013: Now that New Year's Eve is over what is your biggest regret/mistake/story from last night?",0,/r/AskReddit/comments/15si1r/so_long_2012_hello_2013_now_that_new_years_eve_is/,0,0,0,0,0,0
15uqw2,What would your city's movie title be?,4,/r/AskReddit/comments/15uqw2/what_would_your_citys_movie_title_be/,0,0,0,0,0,0
15slhw,"What kind of watch is this? Bulova, rectangle, gold",0,/r/AskReddit/comments/15slhw/what_kind_of_watch_is_this_bulova_rectangle_gold/,0,0,0,0,0,0
15s4se,Friends boyfriend is beating her.. what should I do?,1,/r/AskReddit/comments/15s4se/friends_boyfriend_is_beating_her_what_should_i_do/,0,0,0,0,0,0
15sm4n,"If everyone slept during the day and was productive at night, what would you do differently?",1,/r/AskReddit/comments/15sm4n/if_everyone_slept_during_the_day_and_was/,0,0,0,0,0,0
15rojv,How do I crosspost/x-post from one sub-reddit to another?,0,/r/AskReddit/comments/15rojv/how_do_i_crosspostxpost_from_one_subreddit_to/,0,0,0,0,0,0
15racn,I have a roach problem due to my neighbors and am getting the apartment bombed this weekend. What lie can I say to my mom about any other reason than roaches of why I have to leave for the weekend?,0,/r/AskReddit/comments/15racn/i_have_a_roach_problem_due_to_my_neighbors_and_am/,0,0,0,0,0,0
15sc7o,What's the story behind the one you let 'get away?',6,/r/AskReddit/comments/15sc7o/whats_the_story_behind_the_one_you_let_get_away/,0,0,0,0,0,0
15rvbp,Can someone describe UN Agenda 21 in more detail than a quick review of Wikipedia?,0,/r/AskReddit/comments/15rvbp/can_someone_describe_un_agenda_21_in_more_detail/,0,0,0,0,0,0
15s50v,"How was your New Years Ruined? (Breakup, Fight, Arrest, Hospital, Etc.)",4,/r/AskReddit/comments/15s50v/how_was_your_new_years_ruined_breakup_fight/,0,0,0,0,0,0
15rav2,"I jus turn 17, wat can i do to be sucsesful in life?",0,/r/AskReddit/comments/15rav2/i_jus_turn_17_wat_can_i_do_to_be_sucsesful_in_life/,0,0,0,0,0,0
15s26o,"Now that the holidays are pretty much over, what's the most frustrating thing about going back home?",0,/r/AskReddit/comments/15s26o/now_that_the_holidays_are_pretty_much_over_whats/,0,0,0,0,0,0
15r2k7,"It's that time again Reddit, what do you hope to have achieved by this time next year?",0,/r/AskReddit/comments/15r2k7/its_that_time_again_reddit_what_do_you_hope_to/,0,0,0,0,0,0
15s7w1,"Reddit, what is your New Years Resolution for 2013?",0,/r/AskReddit/comments/15s7w1/reddit_what_is_your_new_years_resolution_for_2013/,0,0,0,0,0,0
15sn6y,"Reddit, if someone had to describe you to a stranger, how would you like them do to it?",2,/r/AskReddit/comments/15sn6y/reddit_if_someone_had_to_describe_you_to_a/,0,0,0,0,0,0
15r5wq,Reddit I have a problem with a prank caller I can you help me get the ultamite revenge?,0,/r/AskReddit/comments/15r5wq/reddit_i_have_a_problem_with_a_prank_caller_i_can/,0,0,0,0,0,0
15sdda,"Reddit, my dad just walked into the kitchen holding a dead bird and threw it into the wood stove. What sorts of sorta weird things have you witnessed family members doing?",4,/r/AskReddit/comments/15sdda/reddit_my_dad_just_walked_into_the_kitchen/,0,0,0,0,0,0
15rvlq,Do you consider people of rare ethnic backrounds (Native Americans and Polynesians for example) more interesting than people of more common ethnic groups (say white people)?,1,/r/AskReddit/comments/15rvlq/do_you_consider_people_of_rare_ethnic_backrounds/,0,0,0,0,0,0
15rzmv,Which were the best r/gonewild posts of 2012?,0,/r/AskReddit/comments/15rzmv/which_were_the_best_rgonewild_posts_of_2012/,0,0,0,0,0,0
15s22a,"Reddit, what are you going to change in 2013?",0,/r/AskReddit/comments/15s22a/reddit_what_are_you_going_to_change_in_2013/,0,0,0,0,0,0
15rrwa,Self-made wealthy redditors: was getting rich worth it?,2,/r/AskReddit/comments/15rrwa/selfmade_wealthy_redditors_was_getting_rich_worth/,0,0,0,0,0,0
15sigy,"I wipe my bum standing up. Reddit, what are some things you do that other people find strange?",1,/r/AskReddit/comments/15sigy/i_wipe_my_bum_standing_up_reddit_what_are_some/,0,0,0,0,0,0
15rygn,"I went to a gay bar with my gf last night, got hammered, danced with all the men and woke up missing a sock. Reddit how was your new years eve?",0,/r/AskReddit/comments/15rygn/i_went_to_a_gay_bar_with_my_gf_last_night_got/,0,0,0,0,0,0
15r7o2,What is the most heroic thing you have ever done or witnessed?,3,/r/AskReddit/comments/15r7o2/what_is_the_most_heroic_thing_you_have_ever_done/,0,0,0,0,0,0
15s741,Which photo sums up your 2012?,1,/r/AskReddit/comments/15s741/which_photo_sums_up_your_2012/,0,0,0,0,0,0
15r1uo,What's your new year resolution ?,0,/r/AskReddit/comments/15r1uo/whats_your_new_year_resolution/,0,0,0,0,0,0
15rf7j,"If you found out you had cancer and had 1 week to live, what's the first thing you would do?",2,/r/AskReddit/comments/15rf7j/if_you_found_out_you_had_cancer_and_had_1_week_to/,0,0,0,0,0,0
15rojg,What's your 2013 resolution that you know you can't keep?,1,/r/AskReddit/comments/15rojg/whats_your_2013_resolution_that_you_know_you_cant/,0,0,0,0,0,0
15rx5l,"Reddit, what's your New Years resolution?",0,/r/AskReddit/comments/15rx5l/reddit_whats_your_new_years_resolution/,0,0,0,0,0,0
15sn6b,What movies have made you go back to the theater to see them more than once?,1,/r/AskReddit/comments/15sn6b/what_movies_have_made_you_go_back_to_the_theater/,0,0,0,0,0,0
15rvx8,Why do people hate the word 'moist'?,0,/r/AskReddit/comments/15rvx8/why_do_people_hate_the_word_moist/,0,0,0,0,0,0
15rrty,sometimes when I post something on reddit I can't see it?,1,/r/AskReddit/comments/15rrty/sometimes_when_i_post_something_on_reddit_i_cant/,0,0,0,0,0,0
15scyy,"Reddit, if you could only read 1 more subreddit, ever, wich one would it be and why?",1,/r/AskReddit/comments/15scyy/reddit_if_you_could_only_read_1_more_subreddit/,0,0,0,0,0,0
15rv0o,Reddit what is your New Year resolutions.,0,/r/AskReddit/comments/15rv0o/reddit_what_is_your_new_year_resolutions/,0,0,0,0,0,0
15rrn3,What do you guys think of Hugh Laurie's American accent in House?,0,/r/AskReddit/comments/15rrn3/what_do_you_guys_think_of_hugh_lauries_american/,0,0,0,0,0,0
15roog,"time stops for 24 hours, what would you do?",2,/r/AskReddit/comments/15roog/time_stops_for_24_hours_what_would_you_do/,0,0,0,0,0,0
15umom,"2012 was one of the worst years of my life. Reddit, What are simple things I can do to ensure a better 2013?",3,/r/AskReddit/comments/15umom/2012_was_one_of_the_worst_years_of_my_life_reddit/,0,0,0,0,0,0
15uqzx,My desk is boring. What cool stuff do you have at your work station?,3,/r/AskReddit/comments/15uqzx/my_desk_is_boring_what_cool_stuff_do_you_have_at/,0,0,0,0,0,0
15s6b3,"I'm curious Reddit, how did you celebrate the New Year?",0,/r/AskReddit/comments/15s6b3/im_curious_reddit_how_did_you_celebrate_the_new/,0,0,0,0,0,0
